timestamp,ticker,price,prev_close,change,pct_change
2026-09-09 01:06 UTC,BKSY,22.08,20.61,1.47,7.13
2026-09-09 01:06 UTC,IONQ,40.47,39.75,0.72,1.81
2026-09-09 01:06 UTC,QNT,50.47,49.62,0.85,1.71
2026-09-09 01:06 UTC,GDYN,7.89,8.07,-0.18,-2.23
2026-09-09 21:20 UTC,BKSY,21.61,22.29,-0.68,-3.05
2026-09-09 21:20 UTC,IONQ,38.14,40.02,-1.88,-4.7
2026-09-09 21:20 UTC,QNT,48.89,51.14,-2.25,-4.4
2026-09-09 21:20 UTC,GDYN,7.85,8.0,-0.15,-1.88
2026-09-10 21:17 UTC,BKSY,20.75,21.6,-0.85,-3.94
2026-09-10 21:17 UTC,IONQ,36.84,38.27,-1.43,-3.74
2026-09-10 21:17 UTC,QNT,48.67,48.88,-0.21,-0.43
2026-09-10 21:17 UTC,GDYN,7.83,8.11,-0.28,-3.45
2026-09-11 21:24 UTC,BKSY,20.61,21.07,-0.46,-2.18
2026-09-11 21:24 UTC,IONQ,36.75,36.95,-0.2,-0.54
2026-09-11 21:24 UTC,QNT,49.03,48.65,0.38,0.78
2026-09-11 21:24 UTC,GDYN,7.98,7.94,0.04,0.5
2026-09-14 22:10 UTC,BKSY,20.8,20.7,0.1,0.48
2026-09-14 22:10 UTC,IONQ,37.5,36.88,0.62,1.68
2026-09-14 22:10 UTC,QNT,49.1,49.23,-0.13,-0.26
2026-09-14 22:10 UTC,GDYN,8.23,8.1,0.13,1.6
2026-09-15 21:48 UTC,BKSY,21.38,20.8,0.58,2.79
2026-09-15 21:48 UTC,IONQ,37.05,37.64,-0.59,-1.57
2026-09-15 21:48 UTC,QNT,48.65,48.99,-0.34,-0.69
2026-09-15 21:48 UTC,GDYN,8.13,8.23,-0.1,-1.22
2026-09-16 21:47 UTC,BKSY,21.52,21.68,-0.16,-0.74
2026-09-16 21:47 UTC,IONQ,36.84,37.04,-0.2,-0.54
2026-09-16 21:47 UTC,QNT,52.01,48.63,3.38,6.95
2026-09-16 21:47 UTC,GDYN,8.02,8.13,-0.11,-1.35
2026-09-17 21:49 UTC,BKSY,22.76,21.95,0.81,3.69
2026-09-17 21:49 UTC,IONQ,40.34,37.19,3.15,8.47
2026-09-17 21:49 UTC,QNT,54.5,52.45,2.05,3.91
2026-09-17 21:49 UTC,GDYN,8.08,8.08,0.0,0.0
2026-09-18 21:20 UTC,BKSY,21.67,22.97,-1.3,-5.66
2026-09-18 21:20 UTC,IONQ,39.13,39.98,-0.85,-2.13
2026-09-18 21:20 UTC,QNT,51.58,54.34,-2.76,-5.08
2026-09-18 21:20 UTC,GDYN,7.59,8.08,-0.49,-6.06
2026-09-21 22:21 UTC,BKSY,23.17,21.8,1.37,6.28
2026-09-21 22:21 UTC,IONQ,40.51,39.02,1.49,3.82
2026-09-21 22:21 UTC,QNT,51.15,51.77,-0.62,-1.2
2026-09-21 22:21 UTC,GDYN,7.7,7.58,0.12,1.58
2026-09-22 21:43 UTC,BKSY,23.19,23.41,-0.22,-0.94
2026-09-22 21:43 UTC,IONQ,40.74,40.88,-0.14,-0.34
2026-09-22 21:43 UTC,QNT,51.39,51.54,-0.15,-0.29
2026-09-22 21:43 UTC,GDYN,7.78,7.78,0.0,0.0
2026-09-23 21:52 UTC,BKSY,22.25,23.2,-0.95,-4.09
2026-09-23 21:52 UTC,IONQ,42.54,45.7,-3.16,-6.91
2026-09-23 21:52 UTC,QNT,50.11,53.15,-3.04,-5.72
2026-09-23 21:52 UTC,GDYN,7.7,7.78,-0.08,-1.03
2026-09-24 21:52 UTC,BKSY,23.17,22.26,0.91,4.09
2026-09-24 21:52 UTC,IONQ,44.98,42.15,2.83,6.71
2026-09-24 21:52 UTC,QNT,49.39,50.68,-1.29,-2.55
2026-09-24 21:52 UTC,GDYN,7.71,7.7,0.01,0.13
2026-09-25 21:53 UTC,BKSY,23.25,23.29,-0.04,-0.17
2026-09-25 21:53 UTC,IONQ,45.48,44.61,0.87,1.95
2026-09-25 21:53 UTC,QNT,49.53,49.51,0.02,0.04
2026-09-25 21:53 UTC,GDYN,7.75,7.69,0.06,0.78
2026-09-28 23:35 UTC,BKSY,22.95,23.3,-0.35,-1.5
2026-09-28 23:35 UTC,IONQ,44.58,45.3,-0.72,-1.59
2026-09-28 23:35 UTC,QNT,49.11,49.66,-0.55,-1.11
2026-09-28 23:35 UTC,GDYN,7.59,7.5,0.09,1.2
2026-09-29 22:44 UTC,BKSY,21.89,22.75,-0.86,-3.78
2026-09-29 22:44 UTC,IONQ,43.91,44.66,-0.75,-1.68
2026-09-29 22:44 UTC,QNT,48.73,49.7,-0.97,-1.95
2026-09-29 22:44 UTC,GDYN,7.64,7.75,-0.11,-1.42
2026-09-30 22:41 UTC,BKSY,21.31,22.01,-0.7,-3.18
2026-09-30 22:41 UTC,IONQ,43.86,44.13,-0.27,-0.61
2026-09-30 22:41 UTC,QNT,48.06,49.08,-1.02,-2.08
2026-09-30 22:41 UTC,GDYN,7.88,7.64,0.24,3.14
2026-10-01 22:56 UTC,BKSY,21.15,21.49,-0.34,-1.58
2026-10-01 22:56 UTC,IONQ,43.99,44.17,-0.18,-0.41
2026-10-01 22:56 UTC,QNT,46.68,48.39,-1.71,-3.53
2026-10-01 22:56 UTC,GDYN,8.38,7.94,0.44,5.54
2026-10-02 22:39 UTC,BKSY,21.92,21.22,0.7,3.3
2026-10-02 22:39 UTC,IONQ,43.77,44.03,-0.26,-0.59
2026-10-02 22:39 UTC,QNT,46.08,46.95,-0.87,-1.85
2026-10-02 22:39 UTC,GDYN,8.02,8.55,-0.53,-6.2
2026-10-02 22:39 UTC,FN,463.69,448.0,15.69,3.5
2026-10-06 00:27 UTC,BKSY,21.37,22.04,-0.67,-3.04
2026-10-06 00:27 UTC,IONQ,42.97,43.91,-0.94,-2.14
2026-10-06 00:27 UTC,QNT,45.53,46.31,-0.78,-1.68
2026-10-06 00:27 UTC,GDYN,7.84,8.08,-0.24,-2.97
2026-10-06 00:27 UTC,FN,453.84,465.76,-11.92,-2.56
2026-10-06 22:49 UTC,BKSY,22.66,21.3,1.36,6.38
2026-10-06 22:49 UTC,IONQ,43.29,42.97,0.32,0.74
2026-10-06 22:49 UTC,QNT,45.59,45.63,-0.04,-0.09
2026-10-06 22:49 UTC,GDYN,7.82,7.89,-0.07,-0.89
2026-10-06 22:49 UTC,FN,489.16,455.33,33.83,7.43
2026-10-07 23:22 UTC,BKSY,21.85,22.83,-0.98,-4.29
2026-10-07 23:22 UTC,IONQ,41.34,43.59,-2.25,-5.16
2026-10-07 23:22 UTC,QNT,44.22,45.78,-1.56,-3.41
2026-10-07 23:22 UTC,GDYN,7.67,7.75,-0.08,-1.03
2026-10-07 23:22 UTC,FN,497.99,485.0,12.99,2.68
2026-10-08 23:35 UTC,BKSY,21.16,21.85,-0.69,-3.16
2026-10-08 23:35 UTC,IONQ,39.45,41.8,-2.35,-5.62
2026-10-08 23:35 UTC,QNT,41.52,44.22,-2.7,-6.11
2026-10-08 23:35 UTC,GDYN,8.01,7.67,0.34,4.43
2026-10-08 23:35 UTC,FN,487.33,498.51,-11.18,-2.24
2026-10-09 22:57 UTC,BKSY,20.92,21.16,-0.24,-1.13
2026-10-09 22:57 UTC,IONQ,39.89,39.54,0.35,0.89
2026-10-09 22:57 UTC,QNT,41.3,41.52,-0.22,-0.53
2026-10-09 22:57 UTC,GDYN,7.95,8.01,-0.06,-0.75
2026-10-09 22:57 UTC,FN,486.28,488.0,-1.72,-0.35
